--
-- PostgreSQL database dump
--

\restrict Quf2JiwKvbr3kqjQqrgZv8aprO1FAem387LPYfYZ1wmzns6meCvq0HFgKndHIAU

-- Dumped from database version 16.11 (Debian 16.11-1.pgdg13+1)
-- Dumped by pg_dump version 16.11 (Debian 16.11-1.pgdg13+1)

SET statement_timeout = 0;
SET lock_timeout = 0;
SET idle_in_transaction_session_timeout = 0;
SET client_encoding = 'UTF8';
SET standard_conforming_strings = on;
SELECT pg_catalog.set_config('search_path', '', false);
SET check_function_bodies = false;
SET xmloption = content;
SET client_min_messages = warning;
SET row_security = off;

SET default_tablespace = '';

SET default_table_access_method = heap;

--
-- Name: auth_group; Type: TABLE; Schema: public; Owner: postgres
--

CREATE TABLE public.auth_group (
    id integer NOT NULL,
    name character varying(150) NOT NULL
);


ALTER TABLE public.auth_group OWNER TO postgres;

--
-- Name: auth_group_id_seq; Type: SEQUENCE; Schema: public; Owner: postgres
--

ALTER TABLE public.auth_group ALTER COLUMN id ADD GENERATED BY DEFAULT AS IDENTITY (
    SEQUENCE NAME public.auth_group_id_seq
    START WITH 1
    INCREMENT BY 1
    NO MINVALUE
    NO MAXVALUE
    CACHE 1
);


--
-- Name: auth_group_permissions; Type: TABLE; Schema: public; Owner: postgres
--

CREATE TABLE public.auth_group_permissions (
    id bigint NOT NULL,
    group_id integer NOT NULL,
    permission_id integer NOT NULL
);


ALTER TABLE public.auth_group_permissions OWNER TO postgres;

--
-- Name: auth_group_permissions_id_seq; Type: SEQUENCE; Schema: public; Owner: postgres
--

ALTER TABLE public.auth_group_permissions ALTER COLUMN id ADD GENERATED BY DEFAULT AS IDENTITY (
    SEQUENCE NAME public.auth_group_permissions_id_seq
    START WITH 1
    INCREMENT BY 1
    NO MINVALUE
    NO MAXVALUE
    CACHE 1
);


--
-- Name: auth_permission; Type: TABLE; Schema: public; Owner: postgres
--

CREATE TABLE public.auth_permission (
    id integer NOT NULL,
    name character varying(255) NOT NULL,
    content_type_id integer NOT NULL,
    codename character varying(100) NOT NULL
);


ALTER TABLE public.auth_permission OWNER TO postgres;

--
-- Name: auth_permission_id_seq; Type: SEQUENCE; Schema: public; Owner: postgres
--

ALTER TABLE public.auth_permission ALTER COLUMN id ADD GENERATED BY DEFAULT AS IDENTITY (
    SEQUENCE NAME public.auth_permission_id_seq
    START WITH 1
    INCREMENT BY 1
    NO MINVALUE
    NO MAXVALUE
    CACHE 1
);


--
-- Name: auth_user; Type: TABLE; Schema: public; Owner: postgres
--

CREATE TABLE public.auth_user (
    id integer NOT NULL,
    password character varying(128) NOT NULL,
    last_login timestamp with time zone,
    is_superuser boolean NOT NULL,
    username character varying(150) NOT NULL,
    first_name character varying(150) NOT NULL,
    last_name character varying(150) NOT NULL,
    email character varying(254) NOT NULL,
    is_staff boolean NOT NULL,
    is_active boolean NOT NULL,
    date_joined timestamp with time zone NOT NULL
);


ALTER TABLE public.auth_user OWNER TO postgres;

--
-- Name: auth_user_groups; Type: TABLE; Schema: public; Owner: postgres
--

CREATE TABLE public.auth_user_groups (
    id bigint NOT NULL,
    user_id integer NOT NULL,
    group_id integer NOT NULL
);


ALTER TABLE public.auth_user_groups OWNER TO postgres;

--
-- Name: auth_user_groups_id_seq; Type: SEQUENCE; Schema: public; Owner: postgres
--

ALTER TABLE public.auth_user_groups ALTER COLUMN id ADD GENERATED BY DEFAULT AS IDENTITY (
    SEQUENCE NAME public.auth_user_groups_id_seq
    START WITH 1
    INCREMENT BY 1
    NO MINVALUE
    NO MAXVALUE
    CACHE 1
);


--
-- Name: auth_user_id_seq; Type: SEQUENCE; Schema: public; Owner: postgres
--

ALTER TABLE public.auth_user ALTER COLUMN id ADD GENERATED BY DEFAULT AS IDENTITY (
    SEQUENCE NAME public.auth_user_id_seq
    START WITH 1
    INCREMENT BY 1
    NO MINVALUE
    NO MAXVALUE
    CACHE 1
);


--
-- Name: auth_user_user_permissions; Type: TABLE; Schema: public; Owner: postgres
--

CREATE TABLE public.auth_user_user_permissions (
    id bigint NOT NULL,
    user_id integer NOT NULL,
    permission_id integer NOT NULL
);


ALTER TABLE public.auth_user_user_permissions OWNER TO postgres;

--
-- Name: auth_user_user_permissions_id_seq; Type: SEQUENCE; Schema: public; Owner: postgres
--

ALTER TABLE public.auth_user_user_permissions ALTER COLUMN id ADD GENERATED BY DEFAULT AS IDENTITY (
    SEQUENCE NAME public.auth_user_user_permissions_id_seq
    START WITH 1
    INCREMENT BY 1
    NO MINVALUE
    NO MAXVALUE
    CACHE 1
);


--
-- Name: django_admin_log; Type: TABLE; Schema: public; Owner: postgres
--

CREATE TABLE public.django_admin_log (
    id integer NOT NULL,
    action_time timestamp with time zone NOT NULL,
    object_id text,
    object_repr character varying(200) NOT NULL,
    action_flag smallint NOT NULL,
    change_message text NOT NULL,
    content_type_id integer,
    user_id integer NOT NULL,
    CONSTRAINT django_admin_log_action_flag_check CHECK ((action_flag >= 0))
);


ALTER TABLE public.django_admin_log OWNER TO postgres;

--
-- Name: django_admin_log_id_seq; Type: SEQUENCE; Schema: public; Owner: postgres
--

ALTER TABLE public.django_admin_log ALTER COLUMN id ADD GENERATED BY DEFAULT AS IDENTITY (
    SEQUENCE NAME public.django_admin_log_id_seq
    START WITH 1
    INCREMENT BY 1
    NO MINVALUE
    NO MAXVALUE
    CACHE 1
);


--
-- Name: django_content_type; Type: TABLE; Schema: public; Owner: postgres
--

CREATE TABLE public.django_content_type (
    id integer NOT NULL,
    app_label character varying(100) NOT NULL,
    model character varying(100) NOT NULL
);


ALTER TABLE public.django_content_type OWNER TO postgres;

--
-- Name: django_content_type_id_seq; Type: SEQUENCE; Schema: public; Owner: postgres
--

ALTER TABLE public.django_content_type ALTER COLUMN id ADD GENERATED BY DEFAULT AS IDENTITY (
    SEQUENCE NAME public.django_content_type_id_seq
    START WITH 1
    INCREMENT BY 1
    NO MINVALUE
    NO MAXVALUE
    CACHE 1
);


--
-- Name: django_migrations; Type: TABLE; Schema: public; Owner: postgres
--

CREATE TABLE public.django_migrations (
    id bigint NOT NULL,
    app character varying(255) NOT NULL,
    name character varying(255) NOT NULL,
    applied timestamp with time zone NOT NULL
);


ALTER TABLE public.django_migrations OWNER TO postgres;

--
-- Name: django_migrations_id_seq; Type: SEQUENCE; Schema: public; Owner: postgres
--

ALTER TABLE public.django_migrations ALTER COLUMN id ADD GENERATED BY DEFAULT AS IDENTITY (
    SEQUENCE NAME public.django_migrations_id_seq
    START WITH 1
    INCREMENT BY 1
    NO MINVALUE
    NO MAXVALUE
    CACHE 1
);


--
-- Name: django_session; Type: TABLE; Schema: public; Owner: postgres
--

CREATE TABLE public.django_session (
    session_key character varying(40) NOT NULL,
    session_data text NOT NULL,
    expire_date timestamp with time zone NOT NULL
);


ALTER TABLE public.django_session OWNER TO postgres;

--
-- Name: pasteleria_detalle; Type: TABLE; Schema: public; Owner: postgres
--

CREATE TABLE public.pasteleria_detalle (
    id bigint NOT NULL,
    cantidad integer NOT NULL,
    producto_id integer NOT NULL,
    pedido_id integer NOT NULL
);


ALTER TABLE public.pasteleria_detalle OWNER TO postgres;

--
-- Name: pasteleria_detalle_id_seq; Type: SEQUENCE; Schema: public; Owner: postgres
--

ALTER TABLE public.pasteleria_detalle ALTER COLUMN id ADD GENERATED BY DEFAULT AS IDENTITY (
    SEQUENCE NAME public.pasteleria_detalle_id_seq
    START WITH 1
    INCREMENT BY 1
    NO MINVALUE
    NO MAXVALUE
    CACHE 1
);


--
-- Name: pasteleria_extra; Type: TABLE; Schema: public; Owner: postgres
--

CREATE TABLE public.pasteleria_extra (
    "idExtra" integer NOT NULL,
    "nombreExtra" character varying(50) NOT NULL,
    "tipoExtra" character varying(50) NOT NULL,
    price numeric(6,2) NOT NULL
);


ALTER TABLE public.pasteleria_extra OWNER TO postgres;

--
-- Name: pasteleria_extra_idExtra_seq; Type: SEQUENCE; Schema: public; Owner: postgres
--

ALTER TABLE public.pasteleria_extra ALTER COLUMN "idExtra" ADD GENERATED BY DEFAULT AS IDENTITY (
    SEQUENCE NAME public."pasteleria_extra_idExtra_seq"
    START WITH 1
    INCREMENT BY 1
    NO MINVALUE
    NO MAXVALUE
    CACHE 1
);


--
-- Name: pasteleria_pan; Type: TABLE; Schema: public; Owner: postgres
--

CREATE TABLE public.pasteleria_pan (
    "idPan_id" integer NOT NULL,
    "nombrePan" character varying(50),
    descripcion character varying(255),
    imagen character varying(255)
);


ALTER TABLE public.pasteleria_pan OWNER TO postgres;

--
-- Name: pasteleria_pastel; Type: TABLE; Schema: public; Owner: postgres
--

CREATE TABLE public.pasteleria_pastel (
    "idPastel_id" integer NOT NULL,
    "tipoPastel" character varying(15) NOT NULL
);


ALTER TABLE public.pasteleria_pastel OWNER TO postgres;

--
-- Name: pasteleria_pastel_establecido; Type: TABLE; Schema: public; Owner: postgres
--

CREATE TABLE public.pasteleria_pastel_establecido (
    "idEstablecido_id" integer NOT NULL,
    "nombrePastel" character varying(50) NOT NULL,
    descripcion character varying(255),
    imagen character varying(255)
);


ALTER TABLE public.pasteleria_pastel_establecido OWNER TO postgres;

--
-- Name: pasteleria_pastel_personalizado; Type: TABLE; Schema: public; Owner: postgres
--

CREATE TABLE public.pasteleria_pastel_personalizado (
    "idPersonalizado_id" integer NOT NULL
);


ALTER TABLE public.pasteleria_pastel_personalizado OWNER TO postgres;

--
-- Name: pasteleria_pastel_personalizado_extras; Type: TABLE; Schema: public; Owner: postgres
--

CREATE TABLE public.pasteleria_pastel_personalizado_extras (
    id bigint NOT NULL,
    pastel_personalizado_id integer NOT NULL,
    extra_id integer NOT NULL
);


ALTER TABLE public.pasteleria_pastel_personalizado_extras OWNER TO postgres;

--
-- Name: pasteleria_pastel_personalizado_extras_id_seq; Type: SEQUENCE; Schema: public; Owner: postgres
--

ALTER TABLE public.pasteleria_pastel_personalizado_extras ALTER COLUMN id ADD GENERATED BY DEFAULT AS IDENTITY (
    SEQUENCE NAME public.pasteleria_pastel_personalizado_extras_id_seq
    START WITH 1
    INCREMENT BY 1
    NO MINVALUE
    NO MAXVALUE
    CACHE 1
);


--
-- Name: pasteleria_pedido; Type: TABLE; Schema: public; Owner: postgres
--

CREATE TABLE public.pasteleria_pedido (
    "idPedido" integer NOT NULL,
    "fechaEntrega" date NOT NULL,
    "horaEntrega" time without time zone NOT NULL,
    total numeric(7,2) NOT NULL,
    calificacion integer,
    "tipoEntrega" character varying(20) NOT NULL,
    "formaPago" character varying(20) NOT NULL,
    status character varying(20) NOT NULL,
    usuario_id integer NOT NULL
);


ALTER TABLE public.pasteleria_pedido OWNER TO postgres;

--
-- Name: pasteleria_pedido_idPedido_seq; Type: SEQUENCE; Schema: public; Owner: postgres
--

ALTER TABLE public.pasteleria_pedido ALTER COLUMN "idPedido" ADD GENERATED BY DEFAULT AS IDENTITY (
    SEQUENCE NAME public."pasteleria_pedido_idPedido_seq"
    START WITH 1
    INCREMENT BY 1
    NO MINVALUE
    NO MAXVALUE
    CACHE 1
);


--
-- Name: pasteleria_postre; Type: TABLE; Schema: public; Owner: postgres
--

CREATE TABLE public.pasteleria_postre (
    "idPostre_id" integer NOT NULL,
    "nombrePostre" character varying(50) NOT NULL,
    descripcion character varying(255),
    imagen character varying(255)
);


ALTER TABLE public.pasteleria_postre OWNER TO postgres;

--
-- Name: pasteleria_producto; Type: TABLE; Schema: public; Owner: postgres
--

CREATE TABLE public.pasteleria_producto (
    "idProducto" integer NOT NULL,
    stock integer NOT NULL,
    "precioUnitario" numeric(10,2) NOT NULL,
    tipo character varying(10) NOT NULL
);


ALTER TABLE public.pasteleria_producto OWNER TO postgres;

--
-- Name: pasteleria_producto_idProducto_seq; Type: SEQUENCE; Schema: public; Owner: postgres
--

ALTER TABLE public.pasteleria_producto ALTER COLUMN "idProducto" ADD GENERATED BY DEFAULT AS IDENTITY (
    SEQUENCE NAME public."pasteleria_producto_idProducto_seq"
    START WITH 1
    INCREMENT BY 1
    NO MINVALUE
    NO MAXVALUE
    CACHE 1
);


--
-- Name: pasteleria_producto_promocion; Type: TABLE; Schema: public; Owner: postgres
--

CREATE TABLE public.pasteleria_producto_promocion (
    id bigint NOT NULL,
    producto_id integer NOT NULL,
    promocion_id integer NOT NULL
);


ALTER TABLE public.pasteleria_producto_promocion OWNER TO postgres;

--
-- Name: pasteleria_producto_promocion_id_seq; Type: SEQUENCE; Schema: public; Owner: postgres
--

ALTER TABLE public.pasteleria_producto_promocion ALTER COLUMN id ADD GENERATED BY DEFAULT AS IDENTITY (
    SEQUENCE NAME public.pasteleria_producto_promocion_id_seq
    START WITH 1
    INCREMENT BY 1
    NO MINVALUE
    NO MAXVALUE
    CACHE 1
);


--
-- Name: pasteleria_promocion; Type: TABLE; Schema: public; Owner: postgres
--

CREATE TABLE public.pasteleria_promocion (
    "idPromocion" integer NOT NULL,
    descuento numeric(5,2) NOT NULL,
    vigencia date NOT NULL,
    status character varying(20) NOT NULL
);


ALTER TABLE public.pasteleria_promocion OWNER TO postgres;

--
-- Name: pasteleria_promocion_idPromocion_seq; Type: SEQUENCE; Schema: public; Owner: postgres
--

ALTER TABLE public.pasteleria_promocion ALTER COLUMN "idPromocion" ADD GENERATED BY DEFAULT AS IDENTITY (
    SEQUENCE NAME public."pasteleria_promocion_idPromocion_seq"
    START WITH 1
    INCREMENT BY 1
    NO MINVALUE
    NO MAXVALUE
    CACHE 1
);


--
-- Name: pasteleria_tarta; Type: TABLE; Schema: public; Owner: postgres
--

CREATE TABLE public.pasteleria_tarta (
    "idTarta_id" integer NOT NULL,
    "nombreTarta" character varying(50) NOT NULL,
    descripcion character varying(255),
    imagen character varying(255)
);


ALTER TABLE public.pasteleria_tarta OWNER TO postgres;

--
-- Name: pasteleria_usuario; Type: TABLE; Schema: public; Owner: postgres
--

CREATE TABLE public.pasteleria_usuario (
    "idUsuario" integer NOT NULL,
    correo character varying(255) NOT NULL,
    "nombreU" character varying(100) NOT NULL,
    "contrase├▒a" character varying(255) NOT NULL,
    nombres character varying(120) NOT NULL,
    "apellidoP" character varying(60) NOT NULL,
    "apellidoM" character varying(60),
    "direccionEntrega" character varying(35),
    "fechaN" date NOT NULL,
    celular character varying(20) NOT NULL,
    "puntosReco" integer NOT NULL
);


ALTER TABLE public.pasteleria_usuario OWNER TO postgres;

--
-- Name: pasteleria_usuario_idUsuario_seq; Type: SEQUENCE; Schema: public; Owner: postgres
--

ALTER TABLE public.pasteleria_usuario ALTER COLUMN "idUsuario" ADD GENERATED BY DEFAULT AS IDENTITY (
    SEQUENCE NAME public."pasteleria_usuario_idUsuario_seq"
    START WITH 1
    INCREMENT BY 1
    NO MINVALUE
    NO MAXVALUE
    CACHE 1
);


--
-- Data for Name: auth_group; Type: TABLE DATA; Schema: public; Owner: postgres
--

COPY public.auth_group (id, name) FROM stdin;
\.


--
-- Data for Name: auth_group_permissions; Type: TABLE DATA; Schema: public; Owner: postgres
--

COPY public.auth_group_permissions (id, group_id, permission_id) FROM stdin;
\.


--
-- Data for Name: auth_permission; Type: TABLE DATA; Schema: public; Owner: postgres
--

COPY public.auth_permission (id, name, content_type_id, codename) FROM stdin;
1	Can add log entry	1	add_logentry
2	Can change log entry	1	change_logentry
3	Can delete log entry	1	delete_logentry
4	Can view log entry	1	view_logentry
5	Can add permission	2	add_permission
6	Can change permission	2	change_permission
7	Can delete permission	2	delete_permission
8	Can view permission	2	view_permission
9	Can add group	3	add_group
10	Can change group	3	change_group
11	Can delete group	3	delete_group
12	Can view group	3	view_group
13	Can add user	4	add_user
14	Can change user	4	change_user
15	Can delete user	4	delete_user
16	Can view user	4	view_user
17	Can add content type	5	add_contenttype
18	Can change content type	5	change_contenttype
19	Can delete content type	5	delete_contenttype
20	Can view content type	5	view_contenttype
21	Can add session	6	add_session
22	Can change session	6	change_session
23	Can delete session	6	delete_session
24	Can view session	6	view_session
25	Can add usuario	7	add_usuario
26	Can change usuario	7	change_usuario
27	Can delete usuario	7	delete_usuario
28	Can view usuario	7	view_usuario
29	Can add promocion	8	add_promocion
30	Can change promocion	8	change_promocion
31	Can delete promocion	8	delete_promocion
32	Can view promocion	8	view_promocion
33	Can add producto	9	add_producto
34	Can change producto	9	change_producto
35	Can delete producto	9	delete_producto
36	Can view producto	9	view_producto
37	Can add pedido	10	add_pedido
38	Can change pedido	10	change_pedido
39	Can delete pedido	10	delete_pedido
40	Can view pedido	10	view_pedido
41	Can add extra	11	add_extra
42	Can change extra	11	change_extra
43	Can delete extra	11	delete_extra
44	Can view extra	11	view_extra
45	Can add pastel	12	add_pastel
46	Can change pastel	12	change_pastel
47	Can delete pastel	12	delete_pastel
48	Can view pastel	12	view_pastel
49	Can add paste l_establecido	13	add_pastel_establecido
50	Can change paste l_establecido	13	change_pastel_establecido
51	Can delete paste l_establecido	13	delete_pastel_establecido
52	Can view paste l_establecido	13	view_pastel_establecido
53	Can add paste l_personalizado	14	add_pastel_personalizado
54	Can change paste l_personalizado	14	change_pastel_personalizado
55	Can delete paste l_personalizado	14	delete_pastel_personalizado
56	Can view paste l_personalizado	14	view_pastel_personalizado
57	Can add detalle	15	add_detalle
58	Can change detalle	15	change_detalle
59	Can delete detalle	15	delete_detalle
60	Can view detalle	15	view_detalle
61	Can add pan	16	add_pan
62	Can change pan	16	change_pan
63	Can delete pan	16	delete_pan
64	Can view pan	16	view_pan
65	Can add tarta	17	add_tarta
66	Can change tarta	17	change_tarta
67	Can delete tarta	17	delete_tarta
68	Can view tarta	17	view_tarta
69	Can add postre	18	add_postre
70	Can change postre	18	change_postre
71	Can delete postre	18	delete_postre
72	Can view postre	18	view_postre
\.


--
-- Data for Name: auth_user; Type: TABLE DATA; Schema: public; Owner: postgres
--

COPY public.auth_user (id, password, last_login, is_superuser, username, first_name, last_name, email, is_staff, is_active, date_joined) FROM stdin;
1	pbkdf2_sha256$1000000$7JRAh7ZJYyTnHkNLKh4ky1$BjFP3AVt25QZAh9QRmH1I1QzTy8UFo8sqHsQ4acAvvg=	2025-11-25 02:02:21.58212+00	t	usuario			usuario@gmail.com	t	t	2025-11-25 02:02:05.690778+00
\.


--
-- Data for Name: auth_user_groups; Type: TABLE DATA; Schema: public; Owner: postgres
--

COPY public.auth_user_groups (id, user_id, group_id) FROM stdin;
\.


--
-- Data for Name: auth_user_user_permissions; Type: TABLE DATA; Schema: public; Owner: postgres
--

COPY public.auth_user_user_permissions (id, user_id, permission_id) FROM stdin;
\.


--
-- Data for Name: django_admin_log; Type: TABLE DATA; Schema: public; Owner: postgres
--

COPY public.django_admin_log (id, action_time, object_id, object_repr, action_flag, change_message, content_type_id, user_id) FROM stdin;
1	2025-11-25 02:32:40.715986+00	1	Pedido 1 (Juan)	1	[{"added": {}}]	10	1
2	2025-11-25 02:33:18.823551+00	2	Pedido 2 (Juan)	1	[{"added": {}}]	10	1
3	2025-11-25 02:48:48.351695+00	3	Item (Pedido 1 (Juan) - PAN)	1	[{"added": {}}]	15	1
4	2025-11-25 02:49:37.50789+00	4	Item (Pedido 1 (Juan) - PAN)	1	[{"added": {}}]	15	1
5	2025-11-25 02:52:07.886547+00	77	(77) - TARTA	1	[{"added": {}}]	9	1
6	2025-11-25 02:52:56.570946+00	78	(78) - PASTEL	1	[{"added": {}}]	9	1
7	2025-11-25 02:52:59.224426+00	78	Pastel ((78) - PASTEL)	1	[{"added": {}}]	12	1
8	2025-11-25 02:53:32.446365+00	78	Pastel Personalizado (Pastel ((78) - PASTEL))	1	[{"added": {}}]	14	1
\.


--
-- Data for Name: django_content_type; Type: TABLE DATA; Schema: public; Owner: postgres
--

COPY public.django_content_type (id, app_label, model) FROM stdin;
1	admin	logentry
2	auth	permission
3	auth	group
4	auth	user
5	contenttypes	contenttype
6	sessions	session
7	pasteleria	usuario
8	pasteleria	promocion
9	pasteleria	producto
10	pasteleria	pedido
11	pasteleria	extra
12	pasteleria	pastel
13	pasteleria	pastel_establecido
14	pasteleria	pastel_personalizado
15	pasteleria	detalle
16	pasteleria	pan
17	pasteleria	tarta
18	pasteleria	postre
\.


--
-- Data for Name: django_migrations; Type: TABLE DATA; Schema: public; Owner: postgres
--

COPY public.django_migrations (id, app, name, applied) FROM stdin;
1	contenttypes	0001_initial	2025-11-25 01:50:25.178136+00
2	auth	0001_initial	2025-11-25 01:50:25.359385+00
3	admin	0001_initial	2025-11-25 01:50:25.401809+00
4	admin	0002_logentry_remove_auto_add	2025-11-25 01:50:25.411244+00
5	admin	0003_logentry_add_action_flag_choices	2025-11-25 01:50:25.421319+00
6	contenttypes	0002_remove_content_type_name	2025-11-25 01:50:25.449272+00
7	auth	0002_alter_permission_name_max_length	2025-11-25 01:50:25.461212+00
8	auth	0003_alter_user_email_max_length	2025-11-25 01:50:25.474669+00
9	auth	0004_alter_user_username_opts	2025-11-25 01:50:25.483759+00
10	auth	0005_alter_user_last_login_null	2025-11-25 01:50:25.493584+00
11	auth	0006_require_contenttypes_0002	2025-11-25 01:50:25.497338+00
12	auth	0007_alter_validators_add_error_messages	2025-11-25 01:50:25.508172+00
13	auth	0008_alter_user_username_max_length	2025-11-25 01:50:25.528316+00
14	auth	0009_alter_user_last_name_max_length	2025-11-25 01:50:25.542445+00
15	auth	0010_alter_group_name_max_length	2025-11-25 01:50:25.555876+00
16	auth	0011_update_proxy_permissions	2025-11-25 01:50:25.581881+00
17	auth	0012_alter_user_first_name_max_length	2025-11-25 01:50:25.599012+00
18	sessions	0001_initial	2025-11-25 01:50:25.635543+00
19	pasteleria	0001_initial	2025-11-25 01:54:42.509911+00
\.


--
-- Data for Name: django_session; Type: TABLE DATA; Schema: public; Owner: postgres
--

COPY public.django_session (session_key, session_data, expire_date) FROM stdin;
6c2yr7yfz69d9ygne14z6y4ttk33gx6j	.eJxVjEEOwiAQRe_C2hCoMFKX7j0DmWEGqRpISrsy3l2bdKHb_977LxVxXUpcu8xxYnVWVh1-N8L0kLoBvmO9NZ1aXeaJ9KbonXZ9bSzPy-7-HRTs5VujFwF7SgjOmpBdIEIMlkFEyPjR-jA4MswwOpspwWAMY_bHIEkyOPX-APhuOIk:1vNiNp:rJOMG6p_mzwOhJBat7ufEafLyH3gUL6a4gvO_YeuFaQ	2025-12-09 02:02:21.59242+00
\.


--
-- Data for Name: pasteleria_detalle; Type: TABLE DATA; Schema: public; Owner: postgres
--

COPY public.pasteleria_detalle (id, cantidad, producto_id, pedido_id) FROM stdin;
3	5	1	1
4	5	2	1
\.


--
-- Data for Name: pasteleria_extra; Type: TABLE DATA; Schema: public; Owner: postgres
--

COPY public.pasteleria_extra ("idExtra", "nombreExtra", "tipoExtra", price) FROM stdin;
1	Pequeno	TAMANO	150.00
2	Mediano	TAMANO	250.00
3	Grande	TAMANO	350.00
4	Chocolate	SABOR	0.00
5	Matcha	SABOR	0.00
6	Zanahoria	SABOR	0.00
7	Crema de cacahuate	RELLENO	50.00
8	Durazno	RELLENO	50.00
9	Ganache de chocolate	RELLENO	60.00
10	Figuras de fondant	DECORACION	80.00
11	Mirror glaze	DECORACION	80.00
12	Flores naturales comestibles	DECORACION	90.00
\.


--
-- Data for Name: pasteleria_pan; Type: TABLE DATA; Schema: public; Owner: postgres
--

COPY public.pasteleria_pan ("idPan_id", "nombrePan", descripcion, imagen) FROM stdin;
1	Avellana	Pan suave con avellanas tostadas, sabor delicado y textura ligeramente crujiente.	assets/img/panes/avellana.jpg
2	Centeno Negro	Pan denso de centeno con sabor profundo y ligeramente ├ícido.	assets/img/panes/centenoNegro.jpg
3	Chocolatin	Rollito de masa suave relleno de chocolate cremoso.	assets/img/panes/chocolatin.jpg
4	Concha Bicolor	Concha tradicional con cobertura de vainilla y chocolate en espiral.	assets/img/panes/conchaBicolor.jpg
5	Concha Chocolate	Concha suave con una cubierta crujiente de chocolate.	assets/img/panes/conchaChocolate.jpg
6	Croissant Frambuesa	Croissant hojaldrado relleno con dulce de frambuesa natural.	assets/img/panes/croisantFrambuesa.jpg
7	Dona	Dona cl├ísica esponjosa con un ligero glaseado dulce.	assets/img/panes/dona.jpg
8	Dona Chocolate	Dona glaseada con chocolate intenso y textura suave.	assets/img/panes/donaChocolate.jpg
9	Dona Chocolate Especial	Dona cubierta con chocolate y decorada con trozos dulces.	assets/img/panes/donaChocolate2.jpg
10	Dona Fresa	Dona suave con glaseado de fresa natural y topping dulce.	assets/img/panes/donaFresa.jpg
11	Eclair Caramelo	Eclair relleno con crema suave y cubierto con caramelo.	assets/img/panes/eclairCaramelo.jpg
12	Eclair Chocolate	Eclair relleno de crema y cubierto con chocolate oscuro.	assets/img/panes/eclairChocolate.jpg
13	Frambuesa	Panecillo dulce ba├▒ado en salsa de frambuesa fresca.	assets/img/panes/frambuesa.jpg
14	Frutos Rojos	Pan dulce con mezcla de frutos rojos y glaseado ligero.	assets/img/panes/frutos.jpg
15	Mantequilla	Pan suave y dorado con un fuerte aroma a mantequilla fresca.	assets/img/panes/mantequilla.jpg
16	Muffin Mora	Muffin esponjoso con moras naturales y cobertura crujiente.	assets/img/panes/muffinMora.jpg
17	Naranja	Pan dulce aromatizado con ralladura de naranja fresca.	assets/img/panes/naranja.jpg
18	Nuez	Pan casero con trozos de nuez tostada y sabor c├ílido.	assets/img/panes/nuez.jpg
19	Orejita	Galleta hojaldrada en forma de coraz├│n con az├║car caramelizada.	assets/img/panes/orejita.jpg
20	Pensamiento	Pastelito premium decorado con flores comestibles Pensamiento.	assets/img/panes/pensamiento.jpg
21	Plie Chocolate	Pan hojaldrado en espiral relleno de chocolate suave.	assets/img/panes/plieChocolate.jpg
22	Corazon Mantequilla	Pan en forma de coraz├│n con borde suave y textura aireada.	assets/img/panes/unnamed.jpg
23	Zanahoria Pan	Pan dulce de zanahoria con glaseado cremoso y nueces.	assets/img/panes/zanahoria.jpg
\.


--
-- Data for Name: pasteleria_pastel; Type: TABLE DATA; Schema: public; Owner: postgres
--

COPY public.pasteleria_pastel ("idPastel_id", "tipoPastel") FROM stdin;
24	ESTABLECIDO
25	ESTABLECIDO
26	ESTABLECIDO
27	ESTABLECIDO
28	ESTABLECIDO
29	ESTABLECIDO
30	ESTABLECIDO
31	ESTABLECIDO
32	ESTABLECIDO
33	ESTABLECIDO
34	ESTABLECIDO
35	ESTABLECIDO
36	ESTABLECIDO
37	ESTABLECIDO
38	ESTABLECIDO
39	ESTABLECIDO
40	ESTABLECIDO
78	PERSONALIZADO
\.


--
-- Data for Name: pasteleria_pastel_establecido; Type: TABLE DATA; Schema: public; Owner: postgres
--

COPY public.pasteleria_pastel_establecido ("idEstablecido_id", "nombrePastel", descripcion, imagen) FROM stdin;
24	Caramelo Salado	Pastel esponjoso banado en caramelo salado con crema	assets/img/pasteles/carameloSalado.png
25	Cheesecake Fresa	Cheesecake suave con compota de fresa y decoracion fina	assets/img/pasteles/CheescakeFresa.png
26	Cheesecake Pera	Cheesecake cremoso con rebanadas de pera caramelizada	assets/img/pasteles/cheescakePera.png
27	Chocolate Fresas	Pastel de chocolate con fresas frescas y ganache	assets/img/pasteles/chocolateFresas.png
28	Chocolate Pistache	Pastel de chocolate con crema de pistache elegante	assets/img/pasteles/chocolatePistache.png
29	Crema Cacahuate	Pastel con crema de cacahuate y glaseado dulce	assets/img/pasteles/cremaCacahuate.png
30	Doble Chocolate	Pastel doble capa con chocolate intenso y cobertura	assets/img/pasteles/dobleChocolate.png
31	Durazno	Pastel fresco con trozos de durazno y crema de vainilla	assets/img/pasteles/durazno.png
32	Higos	Pastel con higos caramelizados y crema de miel	assets/img/pasteles/higos.png
33	Kiwi	Pastel decorado con rodajas de kiwi y crema suave	assets/img/pasteles/kiwi.png
34	Matcha	Pastel de te matcha japones con decoracion verde	assets/img/pasteles/matcha.png
35	Naranja Almendra	Pastel citrico con naranja y almendra tostada	assets/img/pasteles/naranjaAlmendra.png
36	Maracuya	Pastel tropical con crema de maracuya elegante	assets/img/pasteles/pastelMaracuya.png
37	Nuez	Pastel clasico con nueces tostadas y crema suave	assets/img/pasteles/pastelnuez.png
38	Red Velvet	Pastel red velvet con crema de queso tradicional	assets/img/pasteles/redVelvet.png
39	Vainilla Frutos	Pastel de vainilla con frutos rojos frescos	assets/img/pasteles/vainillaFrutos.png
40	Zanahoria Pastel	Pastel de zanahoria con especias y frosting suave	assets/img/pasteles/zanahoria.png
\.


--
-- Data for Name: pasteleria_pastel_personalizado; Type: TABLE DATA; Schema: public; Owner: postgres
--

COPY public.pasteleria_pastel_personalizado ("idPersonalizado_id") FROM stdin;
78
\.


--
-- Data for Name: pasteleria_pastel_personalizado_extras; Type: TABLE DATA; Schema: public; Owner: postgres
--

COPY public.pasteleria_pastel_personalizado_extras (id, pastel_personalizado_id, extra_id) FROM stdin;
1	78	11
2	78	2
3	78	10
4	78	4
\.


--
-- Data for Name: pasteleria_pedido; Type: TABLE DATA; Schema: public; Owner: postgres
--

COPY public.pasteleria_pedido ("idPedido", "fechaEntrega", "horaEntrega", total, calificacion, "tipoEntrega", "formaPago", status, usuario_id) FROM stdin;
1	2025-11-28	02:32:12	0.00	5	PICKUP	MERCADOPAGO	RECIBIDO	1
2	2025-11-10	18:00:00	0.00	5	DOMICILIO	TARJETA	ENTREGADO	1
\.


--
-- Data for Name: pasteleria_postre; Type: TABLE DATA; Schema: public; Owner: postgres
--

COPY public.pasteleria_postre ("idPostre_id", "nombrePostre", descripcion, imagen) FROM stdin;
66	Cheesecake de Moras 2	Version especial del cheesecake de moras	assets/img/postres/cheescakeMoras2.jpeg
64	Cheesecake Matcha 2	Variante del cheesecake de matcha	assets/img/postres/cheescakeMatcha2.jpeg
71	Manzana Caramelizada	Manzana cubierta con caramelo	assets/img/postres/manzanaCaramelizada.jpg
72	Mousse de Chocolate	Mousse suave de chocolate	assets/img/postres/mousseChocolate.jpg
73	Tarta de Queso de Cabra	Tarta gourmet con queso de cabra	assets/img/postres/tartaQueso de cabra.jpg
65	Cheesecake de Moras	Cheesecake fresco con moras	assets/img/postres/cheescakeMoras.jpeg
68	Postre Frutos Rojos	Postre decorado con frutos rojos	assets/img/postres/descarga (2).jpeg
62	Chocolate de frambuesa	Pastel cubierto con chocolate amargo	assets/img/postres/chocolate1.jpg
67	Postre Caramelo	Postre con caramelo artesanal	assets/img/postres/descarga (1).jpeg
76	Pastel de Zanahoria	Pastel esponjoso de zanahoria	assets/img/postres/zanahoria.jpg
69	Flan Tradicional	Flan casero con caramelo	assets/img/postres/flan.jpg
59	Arroz con Leche	Delicioso arroz con leche cremoso	assets/img/postres/arrozLeche.jpg
74	Tiramisu	Clasico tiramisu italiano	assets/img/postres/tiramisu.png
70	Helado Macadamia	Helado artesanal de macadamia	assets/img/postres/helado macadamia.jpg
60	Brownie	Brownie de chocolate suave y esponjoso	assets/img/postres/brownie.jpg
75	Trufa Navidena	Trufa dulce con decoracion navidena	assets/img/postres/trufaNavide├▒a.jpg
61	Capirotada	Tradicional capirotada dulce con frutas	assets/img/postres/capirotada.jpg
63	Cheesecake Matcha	Suave cheesecake con sabor matcha	assets/img/postres/cheescakeMatcha.png
\.


--
-- Data for Name: pasteleria_producto; Type: TABLE DATA; Schema: public; Owner: postgres
--

COPY public.pasteleria_producto ("idProducto", stock, "precioUnitario", tipo) FROM stdin;
1	8	110.00	PAN
2	8	95.00	PAN
3	8	85.00	PAN
4	8	25.00	PAN
5	8	25.00	PAN
6	8	75.00	PAN
7	8	30.00	PAN
8	8	35.00	PAN
9	8	40.00	PAN
10	8	35.00	PAN
11	8	55.00	PAN
12	8	55.00	PAN
13	8	65.00	PAN
14	8	70.00	PAN
15	8	20.00	PAN
16	8	45.00	PAN
17	8	22.00	PAN
18	8	25.00	PAN
19	8	15.00	PAN
20	8	80.00	PAN
21	8	45.00	PAN
22	8	35.00	PAN
23	8	50.00	PAN
24	8	380.00	PASTEL
25	8	420.00	PASTEL
26	8	430.00	PASTEL
27	8	450.00	PASTEL
28	8	480.00	PASTEL
29	8	400.00	PASTEL
30	8	470.00	PASTEL
31	8	390.00	PASTEL
32	8	450.00	PASTEL
33	8	360.00	PASTEL
34	8	480.00	PASTEL
35	8	440.00	PASTEL
36	8	420.00	PASTEL
37	8	410.00	PASTEL
38	8	450.00	PASTEL
39	8	430.00	PASTEL
40	8	420.00	PASTEL
41	8	260.00	TARTA
42	8	280.00	TARTA
43	8	300.00	TARTA
44	8	240.00	TARTA
45	8	290.00	TARTA
46	8	320.00	TARTA
47	8	230.00	TARTA
48	8	250.00	TARTA
49	8	300.00	TARTA
50	8	320.00	TARTA
51	8	340.00	TARTA
52	8	360.00	TARTA
53	8	280.00	TARTA
54	8	300.00	TARTA
55	8	260.00	TARTA
56	8	310.00	TARTA
57	8	240.00	TARTA
58	8	260.00	TARTA
59	8	10.99	POSTRE
60	8	12.50	POSTRE
61	8	11.99	POSTRE
62	8	13.99	POSTRE
63	8	15.49	POSTRE
64	8	15.49	POSTRE
65	8	16.49	POSTRE
66	8	16.49	POSTRE
67	8	12.99	POSTRE
68	8	14.49	POSTRE
69	8	9.99	POSTRE
70	8	10.49	POSTRE
71	8	8.49	POSTRE
72	8	13.49	POSTRE
73	8	18.99	POSTRE
74	8	14.99	POSTRE
75	8	6.99	POSTRE
76	8	12.99	POSTRE
77	0	524.52	TARTA
78	2	487.00	PASTEL
\.


--
-- Data for Name: pasteleria_producto_promocion; Type: TABLE DATA; Schema: public; Owner: postgres
--

COPY public.pasteleria_producto_promocion (id, producto_id, promocion_id) FROM stdin;
1	77	1
2	78	1
\.


--
-- Data for Name: pasteleria_promocion; Type: TABLE DATA; Schema: public; Owner: postgres
--

COPY public.pasteleria_promocion ("idPromocion", descuento, vigencia, status) FROM stdin;
1	20.00	2025-12-02	ACTIVA
2	15.00	2026-01-15	ACTIVA
3	5.00	2025-12-10	ACTIVA
4	10.00	2025-11-30	EXPIRADA
\.


--
-- Data for Name: pasteleria_tarta; Type: TABLE DATA; Schema: public; Owner: postgres
--

COPY public.pasteleria_tarta ("idTarta_id", "nombreTarta", descripcion, imagen) FROM stdin;
57	Tarta Kiwi	Tarta refrescante cubierta con rodajas de kiwi y crema suave	assets/img/tartas/tartaKiwi.png
47	Manzana	Tarta tradicional de manzana caramelizada con especias suaves	assets/img/tartas/manzana.png
46	Invierno	Tarta especial con frutos oscuros y decoracion inspirada en el invierno	assets/img/tartas/invierno.jpg
56	Red Velvet	Version tarta del clasico Red Velvet con crema de queso	assets/img/tartas/redVelvet.jpg
52	Navidena Deluxe	Tarta de lujo para temporada navidena con diseno detallado y sabores tradicionales	assets/img/tartas/navide├▒a3.jpg
55	Pera	Tarta fina de pera caramelizada con base dorada y crujiente	assets/img/tartas/pera.jpg
48	Maracuya	Tarta tropical con crema de maracuya y sabor refrescante	assets/img/tartas/maracuya.png
50	Navidena	Tarta tematica navidena con frutas rojas y decoracion festiva	assets/img/tartas/navide├▒a.jpg
51	Navidena Especial	Tarta navidena con mayor decoracion y mezcla de frutos y crema	assets/img/tartas/navide├▒a2.jpg
42	Chocolate Blanco	Tarta cremosa con cubierta de chocolate blanco y un toque elegante	assets/img/tartas/chocolateBlanco.jpg
41	Caramelo	Tarta con suave crema y glaseado de caramelo dorado	assets/img/tartas/caramelo.jpg
54	Pensamiento	Tarta decorada con flores comestibles Pensamiento y crema suave	assets/img/tartas/pensamiento.jpg
53	Otono	Tarta aromatica con frutos de temporada y especias calidas	assets/img/tartas/oto├▒o.jpg
44	Frambuesa	Tarta fresca decorada con frambuesas naturales y crema ligera	assets/img/tartas/frambuesa.jpg
58	Tarta Moras	Tarta refrescante cubierta con moras y crema suave	assets/img/tartas/tartaMoras.png
49	Matcha	Tarta japonesa con te matcha y un sabor herbal delicado	assets/img/tartas/matcha.jpg
45	Higos	Tarta gourmet con higos caramelizados y base artesanal	assets/img/tartas/higos.jpg
43	Chocolate Pistache	Tarta fina con mezcla de chocolate y pistache triturado	assets/img/tartas/chocolatePistache.jpg
\.


--
-- Data for Name: pasteleria_usuario; Type: TABLE DATA; Schema: public; Owner: postgres
--

COPY public.pasteleria_usuario ("idUsuario", correo, "nombreU", "contrase├▒a", nombres, "apellidoP", "apellidoM", "direccionEntrega", "fechaN", celular, "puntosReco") FROM stdin;
1	juan@gmail.com	juan123	pass123	Juan	P├®rez	Lopez	Calle 1 #45	1998-05-20	5512345678	50
2	maria@hotmail.com	maria22	claveSegura	Mar├¡a	Ram├¡rez	\N	Av. Centro 234	2000-10-11	5523456789	120
3	carlos@correo.com	carls	12345	Carlos	Mart├¡nez	Ju├írez	\N	1995-02-05	5534567890	15
\.


--
-- Name: auth_group_id_seq; Type: SEQUENCE SET; Schema: public; Owner: postgres
--

SELECT pg_catalog.setval('public.auth_group_id_seq', 1, false);


--
-- Name: auth_group_permissions_id_seq; Type: SEQUENCE SET; Schema: public; Owner: postgres
--

SELECT pg_catalog.setval('public.auth_group_permissions_id_seq', 1, false);


--
-- Name: auth_permission_id_seq; Type: SEQUENCE SET; Schema: public; Owner: postgres
--

SELECT pg_catalog.setval('public.auth_permission_id_seq', 72, true);


--
-- Name: auth_user_groups_id_seq; Type: SEQUENCE SET; Schema: public; Owner: postgres
--

SELECT pg_catalog.setval('public.auth_user_groups_id_seq', 1, false);


--
-- Name: auth_user_id_seq; Type: SEQUENCE SET; Schema: public; Owner: postgres
--

SELECT pg_catalog.setval('public.auth_user_id_seq', 1, true);


--
-- Name: auth_user_user_permissions_id_seq; Type: SEQUENCE SET; Schema: public; Owner: postgres
--

SELECT pg_catalog.setval('public.auth_user_user_permissions_id_seq', 1, false);


--
-- Name: django_admin_log_id_seq; Type: SEQUENCE SET; Schema: public; Owner: postgres
--

SELECT pg_catalog.setval('public.django_admin_log_id_seq', 8, true);


--
-- Name: django_content_type_id_seq; Type: SEQUENCE SET; Schema: public; Owner: postgres
--

SELECT pg_catalog.setval('public.django_content_type_id_seq', 18, true);


--
-- Name: django_migrations_id_seq; Type: SEQUENCE SET; Schema: public; Owner: postgres
--

SELECT pg_catalog.setval('public.django_migrations_id_seq', 19, true);


--
-- Name: pasteleria_detalle_id_seq; Type: SEQUENCE SET; Schema: public; Owner: postgres
--

SELECT pg_catalog.setval('public.pasteleria_detalle_id_seq', 4, true);


--
-- Name: pasteleria_extra_idExtra_seq; Type: SEQUENCE SET; Schema: public; Owner: postgres
--

SELECT pg_catalog.setval('public."pasteleria_extra_idExtra_seq"', 12, true);


--
-- Name: pasteleria_pastel_personalizado_extras_id_seq; Type: SEQUENCE SET; Schema: public; Owner: postgres
--

SELECT pg_catalog.setval('public.pasteleria_pastel_personalizado_extras_id_seq', 4, true);


--
-- Name: pasteleria_pedido_idPedido_seq; Type: SEQUENCE SET; Schema: public; Owner: postgres
--

SELECT pg_catalog.setval('public."pasteleria_pedido_idPedido_seq"', 2, true);


--
-- Name: pasteleria_producto_idProducto_seq; Type: SEQUENCE SET; Schema: public; Owner: postgres
--

SELECT pg_catalog.setval('public."pasteleria_producto_idProducto_seq"', 78, true);


--
-- Name: pasteleria_producto_promocion_id_seq; Type: SEQUENCE SET; Schema: public; Owner: postgres
--

SELECT pg_catalog.setval('public.pasteleria_producto_promocion_id_seq', 2, true);


--
-- Name: pasteleria_promocion_idPromocion_seq; Type: SEQUENCE SET; Schema: public; Owner: postgres
--

SELECT pg_catalog.setval('public."pasteleria_promocion_idPromocion_seq"', 4, true);


--
-- Name: pasteleria_usuario_idUsuario_seq; Type: SEQUENCE SET; Schema: public; Owner: postgres
--

SELECT pg_catalog.setval('public."pasteleria_usuario_idUsuario_seq"', 3, true);


--
-- Name: auth_group auth_group_name_key; Type: CONSTRAINT; Schema: public; Owner: postgres
--

ALTER TABLE ONLY public.auth_group
    ADD CONSTRAINT auth_group_name_key UNIQUE (name);


--
-- Name: auth_group_permissions auth_group_permissions_group_id_permission_id_0cd325b0_uniq; Type: CONSTRAINT; Schema: public; Owner: postgres
--

ALTER TABLE ONLY public.auth_group_permissions
    ADD CONSTRAINT auth_group_permissions_group_id_permission_id_0cd325b0_uniq UNIQUE (group_id, permission_id);


--
-- Name: auth_group_permissions auth_group_permissions_pkey; Type: CONSTRAINT; Schema: public; Owner: postgres
--

ALTER TABLE ONLY public.auth_group_permissions
    ADD CONSTRAINT auth_group_permissions_pkey PRIMARY KEY (id);


--
-- Name: auth_group auth_group_pkey; Type: CONSTRAINT; Schema: public; Owner: postgres
--

ALTER TABLE ONLY public.auth_group
    ADD CONSTRAINT auth_group_pkey PRIMARY KEY (id);


--
-- Name: auth_permission auth_permission_content_type_id_codename_01ab375a_uniq; Type: CONSTRAINT; Schema: public; Owner: postgres
--

ALTER TABLE ONLY public.auth_permission
    ADD CONSTRAINT auth_permission_content_type_id_codename_01ab375a_uniq UNIQUE (content_type_id, codename);


--
-- Name: auth_permission auth_permission_pkey; Type: CONSTRAINT; Schema: public; Owner: postgres
--

ALTER TABLE ONLY public.auth_permission
    ADD CONSTRAINT auth_permission_pkey PRIMARY KEY (id);


--
-- Name: auth_user_groups auth_user_groups_pkey; Type: CONSTRAINT; Schema: public; Owner: postgres
--

ALTER TABLE ONLY public.auth_user_groups
    ADD CONSTRAINT auth_user_groups_pkey PRIMARY KEY (id);


--
-- Name: auth_user_groups auth_user_groups_user_id_group_id_94350c0c_uniq; Type: CONSTRAINT; Schema: public; Owner: postgres
--

ALTER TABLE ONLY public.auth_user_groups
    ADD CONSTRAINT auth_user_groups_user_id_group_id_94350c0c_uniq UNIQUE (user_id, group_id);


--
-- Name: auth_user auth_user_pkey; Type: CONSTRAINT; Schema: public; Owner: postgres
--

ALTER TABLE ONLY public.auth_user
    ADD CONSTRAINT auth_user_pkey PRIMARY KEY (id);


--
-- Name: auth_user_user_permissions auth_user_user_permissions_pkey; Type: CONSTRAINT; Schema: public; Owner: postgres
--

ALTER TABLE ONLY public.auth_user_user_permissions
    ADD CONSTRAINT auth_user_user_permissions_pkey PRIMARY KEY (id);


--
-- Name: auth_user_user_permissions auth_user_user_permissions_user_id_permission_id_14a6b632_uniq; Type: CONSTRAINT; Schema: public; Owner: postgres
--

ALTER TABLE ONLY public.auth_user_user_permissions
    ADD CONSTRAINT auth_user_user_permissions_user_id_permission_id_14a6b632_uniq UNIQUE (user_id, permission_id);


--
-- Name: auth_user auth_user_username_key; Type: CONSTRAINT; Schema: public; Owner: postgres
--

ALTER TABLE ONLY public.auth_user
    ADD CONSTRAINT auth_user_username_key UNIQUE (username);


--
-- Name: django_admin_log django_admin_log_pkey; Type: CONSTRAINT; Schema: public; Owner: postgres
--

ALTER TABLE ONLY public.django_admin_log
    ADD CONSTRAINT django_admin_log_pkey PRIMARY KEY (id);


--
-- Name: django_content_type django_content_type_app_label_model_76bd3d3b_uniq; Type: CONSTRAINT; Schema: public; Owner: postgres
--

ALTER TABLE ONLY public.django_content_type
    ADD CONSTRAINT django_content_type_app_label_model_76bd3d3b_uniq UNIQUE (app_label, model);


--
-- Name: django_content_type django_content_type_pkey; Type: CONSTRAINT; Schema: public; Owner: postgres
--

ALTER TABLE ONLY public.django_content_type
    ADD CONSTRAINT django_content_type_pkey PRIMARY KEY (id);


--
-- Name: django_migrations django_migrations_pkey; Type: CONSTRAINT; Schema: public; Owner: postgres
--

ALTER TABLE ONLY public.django_migrations
    ADD CONSTRAINT django_migrations_pkey PRIMARY KEY (id);


--
-- Name: django_session django_session_pkey; Type: CONSTRAINT; Schema: public; Owner: postgres
--

ALTER TABLE ONLY public.django_session
    ADD CONSTRAINT django_session_pkey PRIMARY KEY (session_key);


--
-- Name: pasteleria_detalle pasteleria_detalle_pedido_id_producto_id_ae7f7cfd_uniq; Type: CONSTRAINT; Schema: public; Owner: postgres
--

ALTER TABLE ONLY public.pasteleria_detalle
    ADD CONSTRAINT pasteleria_detalle_pedido_id_producto_id_ae7f7cfd_uniq UNIQUE (pedido_id, producto_id);


--
-- Name: pasteleria_detalle pasteleria_detalle_pkey; Type: CONSTRAINT; Schema: public; Owner: postgres
--

ALTER TABLE ONLY public.pasteleria_detalle
    ADD CONSTRAINT pasteleria_detalle_pkey PRIMARY KEY (id);


--
-- Name: pasteleria_extra pasteleria_extra_nombreExtra_key; Type: CONSTRAINT; Schema: public; Owner: postgres
--

ALTER TABLE ONLY public.pasteleria_extra
    ADD CONSTRAINT "pasteleria_extra_nombreExtra_key" UNIQUE ("nombreExtra");


--
-- Name: pasteleria_extra pasteleria_extra_pkey; Type: CONSTRAINT; Schema: public; Owner: postgres
--

ALTER TABLE ONLY public.pasteleria_extra
    ADD CONSTRAINT pasteleria_extra_pkey PRIMARY KEY ("idExtra");


--
-- Name: pasteleria_pan pasteleria_pan_nombrePan_key; Type: CONSTRAINT; Schema: public; Owner: postgres
--

ALTER TABLE ONLY public.pasteleria_pan
    ADD CONSTRAINT "pasteleria_pan_nombrePan_key" UNIQUE ("nombrePan");


--
-- Name: pasteleria_pan pasteleria_pan_pkey; Type: CONSTRAINT; Schema: public; Owner: postgres
--

ALTER TABLE ONLY public.pasteleria_pan
    ADD CONSTRAINT pasteleria_pan_pkey PRIMARY KEY ("idPan_id");


--
-- Name: pasteleria_pastel_establecido pasteleria_pastel_establecido_nombrePastel_key; Type: CONSTRAINT; Schema: public; Owner: postgres
--

ALTER TABLE ONLY public.pasteleria_pastel_establecido
    ADD CONSTRAINT "pasteleria_pastel_establecido_nombrePastel_key" UNIQUE ("nombrePastel");


--
-- Name: pasteleria_pastel_establecido pasteleria_pastel_establecido_pkey; Type: CONSTRAINT; Schema: public; Owner: postgres
--

ALTER TABLE ONLY public.pasteleria_pastel_establecido
    ADD CONSTRAINT pasteleria_pastel_establecido_pkey PRIMARY KEY ("idEstablecido_id");


--
-- Name: pasteleria_pastel_personalizado_extras pasteleria_pastel_person_pastel_personalizado_id__5b35c94f_uniq; Type: CONSTRAINT; Schema: public; Owner: postgres
--

ALTER TABLE ONLY public.pasteleria_pastel_personalizado_extras
    ADD CONSTRAINT pasteleria_pastel_person_pastel_personalizado_id__5b35c94f_uniq UNIQUE (pastel_personalizado_id, extra_id);


--
-- Name: pasteleria_pastel_personalizado_extras pasteleria_pastel_personalizado_extras_pkey; Type: CONSTRAINT; Schema: public; Owner: postgres
--

ALTER TABLE ONLY public.pasteleria_pastel_personalizado_extras
    ADD CONSTRAINT pasteleria_pastel_personalizado_extras_pkey PRIMARY KEY (id);


--
-- Name: pasteleria_pastel_personalizado pasteleria_pastel_personalizado_pkey; Type: CONSTRAINT; Schema: public; Owner: postgres
--

ALTER TABLE ONLY public.pasteleria_pastel_personalizado
    ADD CONSTRAINT pasteleria_pastel_personalizado_pkey PRIMARY KEY ("idPersonalizado_id");


--
-- Name: pasteleria_pastel pasteleria_pastel_pkey; Type: CONSTRAINT; Schema: public; Owner: postgres
--

ALTER TABLE ONLY public.pasteleria_pastel
    ADD CONSTRAINT pasteleria_pastel_pkey PRIMARY KEY ("idPastel_id");


--
-- Name: pasteleria_pedido pasteleria_pedido_pkey; Type: CONSTRAINT; Schema: public; Owner: postgres
--

ALTER TABLE ONLY public.pasteleria_pedido
    ADD CONSTRAINT pasteleria_pedido_pkey PRIMARY KEY ("idPedido");


--
-- Name: pasteleria_postre pasteleria_postre_nombrePostre_key; Type: CONSTRAINT; Schema: public; Owner: postgres
--

ALTER TABLE ONLY public.pasteleria_postre
    ADD CONSTRAINT "pasteleria_postre_nombrePostre_key" UNIQUE ("nombrePostre");


--
-- Name: pasteleria_postre pasteleria_postre_pkey; Type: CONSTRAINT; Schema: public; Owner: postgres
--

ALTER TABLE ONLY public.pasteleria_postre
    ADD CONSTRAINT pasteleria_postre_pkey PRIMARY KEY ("idPostre_id");


--
-- Name: pasteleria_producto pasteleria_producto_pkey; Type: CONSTRAINT; Schema: public; Owner: postgres
--

ALTER TABLE ONLY public.pasteleria_producto
    ADD CONSTRAINT pasteleria_producto_pkey PRIMARY KEY ("idProducto");


--
-- Name: pasteleria_producto_promocion pasteleria_producto_prom_producto_id_promocion_id_f4b9d019_uniq; Type: CONSTRAINT; Schema: public; Owner: postgres
--

ALTER TABLE ONLY public.pasteleria_producto_promocion
    ADD CONSTRAINT pasteleria_producto_prom_producto_id_promocion_id_f4b9d019_uniq UNIQUE (producto_id, promocion_id);


--
-- Name: pasteleria_producto_promocion pasteleria_producto_promocion_pkey; Type: CONSTRAINT; Schema: public; Owner: postgres
--

ALTER TABLE ONLY public.pasteleria_producto_promocion
    ADD CONSTRAINT pasteleria_producto_promocion_pkey PRIMARY KEY (id);


--
-- Name: pasteleria_promocion pasteleria_promocion_pkey; Type: CONSTRAINT; Schema: public; Owner: postgres
--

ALTER TABLE ONLY public.pasteleria_promocion
    ADD CONSTRAINT pasteleria_promocion_pkey PRIMARY KEY ("idPromocion");


--
-- Name: pasteleria_tarta pasteleria_tarta_nombreTarta_key; Type: CONSTRAINT; Schema: public; Owner: postgres
--

ALTER TABLE ONLY public.pasteleria_tarta
    ADD CONSTRAINT "pasteleria_tarta_nombreTarta_key" UNIQUE ("nombreTarta");


--
-- Name: pasteleria_tarta pasteleria_tarta_pkey; Type: CONSTRAINT; Schema: public; Owner: postgres
--

ALTER TABLE ONLY public.pasteleria_tarta
    ADD CONSTRAINT pasteleria_tarta_pkey PRIMARY KEY ("idTarta_id");


--
-- Name: pasteleria_usuario pasteleria_usuario_correo_key; Type: CONSTRAINT; Schema: public; Owner: postgres
--

ALTER TABLE ONLY public.pasteleria_usuario
    ADD CONSTRAINT pasteleria_usuario_correo_key UNIQUE (correo);


--
-- Name: pasteleria_usuario pasteleria_usuario_nombreU_key; Type: CONSTRAINT; Schema: public; Owner: postgres
--

ALTER TABLE ONLY public.pasteleria_usuario
    ADD CONSTRAINT "pasteleria_usuario_nombreU_key" UNIQUE ("nombreU");


--
-- Name: pasteleria_usuario pasteleria_usuario_pkey; Type: CONSTRAINT; Schema: public; Owner: postgres
--

ALTER TABLE ONLY public.pasteleria_usuario
    ADD CONSTRAINT pasteleria_usuario_pkey PRIMARY KEY ("idUsuario");


--
-- Name: pasteleria_detalle unique_pedido_producto; Type: CONSTRAINT; Schema: public; Owner: postgres
--

ALTER TABLE ONLY public.pasteleria_detalle
    ADD CONSTRAINT unique_pedido_producto UNIQUE (pedido_id, producto_id);


--
-- Name: auth_group_name_a6ea08ec_like; Type: INDEX; Schema: public; Owner: postgres
--

CREATE INDEX auth_group_name_a6ea08ec_like ON public.auth_group USING btree (name varchar_pattern_ops);


--
-- Name: auth_group_permissions_group_id_b120cbf9; Type: INDEX; Schema: public; Owner: postgres
--

CREATE INDEX auth_group_permissions_group_id_b120cbf9 ON public.auth_group_permissions USING btree (group_id);


--
-- Name: auth_group_permissions_permission_id_84c5c92e; Type: INDEX; Schema: public; Owner: postgres
--

CREATE INDEX auth_group_permissions_permission_id_84c5c92e ON public.auth_group_permissions USING btree (permission_id);


--
-- Name: auth_permission_content_type_id_2f476e4b; Type: INDEX; Schema: public; Owner: postgres
--

CREATE INDEX auth_permission_content_type_id_2f476e4b ON public.auth_permission USING btree (content_type_id);


--
-- Name: auth_user_groups_group_id_97559544; Type: INDEX; Schema: public; Owner: postgres
--

CREATE INDEX auth_user_groups_group_id_97559544 ON public.auth_user_groups USING btree (group_id);


--
-- Name: auth_user_groups_user_id_6a12ed8b; Type: INDEX; Schema: public; Owner: postgres
--

CREATE INDEX auth_user_groups_user_id_6a12ed8b ON public.auth_user_groups USING btree (user_id);


--
-- Name: auth_user_user_permissions_permission_id_1fbb5f2c; Type: INDEX; Schema: public; Owner: postgres
--

CREATE INDEX auth_user_user_permissions_permission_id_1fbb5f2c ON public.auth_user_user_permissions USING btree (permission_id);


--
-- Name: auth_user_user_permissions_user_id_a95ead1b; Type: INDEX; Schema: public; Owner: postgres
--

CREATE INDEX auth_user_user_permissions_user_id_a95ead1b ON public.auth_user_user_permissions USING btree (user_id);


--
-- Name: auth_user_username_6821ab7c_like; Type: INDEX; Schema: public; Owner: postgres
--

CREATE INDEX auth_user_username_6821ab7c_like ON public.auth_user USING btree (username varchar_pattern_ops);


--
-- Name: django_admin_log_content_type_id_c4bce8eb; Type: INDEX; Schema: public; Owner: postgres
--

CREATE INDEX django_admin_log_content_type_id_c4bce8eb ON public.django_admin_log USING btree (content_type_id);


--
-- Name: django_admin_log_user_id_c564eba6; Type: INDEX; Schema: public; Owner: postgres
--

CREATE INDEX django_admin_log_user_id_c564eba6 ON public.django_admin_log USING btree (user_id);


--
-- Name: django_session_expire_date_a5c62663; Type: INDEX; Schema: public; Owner: postgres
--

CREATE INDEX django_session_expire_date_a5c62663 ON public.django_session USING btree (expire_date);


--
-- Name: django_session_session_key_c0390e0f_like; Type: INDEX; Schema: public; Owner: postgres
--

CREATE INDEX django_session_session_key_c0390e0f_like ON public.django_session USING btree (session_key varchar_pattern_ops);


--
-- Name: pasteleria_detalle_pedido_id_d4af42a9; Type: INDEX; Schema: public; Owner: postgres
--

CREATE INDEX pasteleria_detalle_pedido_id_d4af42a9 ON public.pasteleria_detalle USING btree (pedido_id);


--
-- Name: pasteleria_detalle_producto_id_9d8eec54; Type: INDEX; Schema: public; Owner: postgres
--

CREATE INDEX pasteleria_detalle_producto_id_9d8eec54 ON public.pasteleria_detalle USING btree (producto_id);


--
-- Name: pasteleria_extra_nombreExtra_68a99a09_like; Type: INDEX; Schema: public; Owner: postgres
--

CREATE INDEX "pasteleria_extra_nombreExtra_68a99a09_like" ON public.pasteleria_extra USING btree ("nombreExtra" varchar_pattern_ops);


--
-- Name: pasteleria_pan_nombrePan_2032f89c_like; Type: INDEX; Schema: public; Owner: postgres
--

CREATE INDEX "pasteleria_pan_nombrePan_2032f89c_like" ON public.pasteleria_pan USING btree ("nombrePan" varchar_pattern_ops);


--
-- Name: pasteleria_pastel_establecido_nombrePastel_daca99d0_like; Type: INDEX; Schema: public; Owner: postgres
--

CREATE INDEX "pasteleria_pastel_establecido_nombrePastel_daca99d0_like" ON public.pasteleria_pastel_establecido USING btree ("nombrePastel" varchar_pattern_ops);


--
-- Name: pasteleria_pastel_personal_pastel_personalizado_id_64fb8db5; Type: INDEX; Schema: public; Owner: postgres
--

CREATE INDEX pasteleria_pastel_personal_pastel_personalizado_id_64fb8db5 ON public.pasteleria_pastel_personalizado_extras USING btree (pastel_personalizado_id);


--
-- Name: pasteleria_pastel_personalizado_extras_extra_id_7edab6af; Type: INDEX; Schema: public; Owner: postgres
--

CREATE INDEX pasteleria_pastel_personalizado_extras_extra_id_7edab6af ON public.pasteleria_pastel_personalizado_extras USING btree (extra_id);


--
-- Name: pasteleria_pedido_usuario_id_62e940b2; Type: INDEX; Schema: public; Owner: postgres
--

CREATE INDEX pasteleria_pedido_usuario_id_62e940b2 ON public.pasteleria_pedido USING btree (usuario_id);


--
-- Name: pasteleria_postre_nombrePostre_a9198c8e_like; Type: INDEX; Schema: public; Owner: postgres
--

CREATE INDEX "pasteleria_postre_nombrePostre_a9198c8e_like" ON public.pasteleria_postre USING btree ("nombrePostre" varchar_pattern_ops);


--
-- Name: pasteleria_producto_promocion_producto_id_69e73fff; Type: INDEX; Schema: public; Owner: postgres
--

CREATE INDEX pasteleria_producto_promocion_producto_id_69e73fff ON public.pasteleria_producto_promocion USING btree (producto_id);


--
-- Name: pasteleria_producto_promocion_promocion_id_4b1b2963; Type: INDEX; Schema: public; Owner: postgres
--

CREATE INDEX pasteleria_producto_promocion_promocion_id_4b1b2963 ON public.pasteleria_producto_promocion USING btree (promocion_id);


--
-- Name: pasteleria_tarta_nombreTarta_b63b3f2d_like; Type: INDEX; Schema: public; Owner: postgres
--

CREATE INDEX "pasteleria_tarta_nombreTarta_b63b3f2d_like" ON public.pasteleria_tarta USING btree ("nombreTarta" varchar_pattern_ops);


--
-- Name: pasteleria_usuario_correo_89cce188_like; Type: INDEX; Schema: public; Owner: postgres
--

CREATE INDEX pasteleria_usuario_correo_89cce188_like ON public.pasteleria_usuario USING btree (correo varchar_pattern_ops);


--
-- Name: pasteleria_usuario_nombreU_68605c8a_like; Type: INDEX; Schema: public; Owner: postgres
--

CREATE INDEX "pasteleria_usuario_nombreU_68605c8a_like" ON public.pasteleria_usuario USING btree ("nombreU" varchar_pattern_ops);


--
-- Name: auth_group_permissions auth_group_permissio_permission_id_84c5c92e_fk_auth_perm; Type: FK CONSTRAINT; Schema: public; Owner: postgres
--

ALTER TABLE ONLY public.auth_group_permissions
    ADD CONSTRAINT auth_group_permissio_permission_id_84c5c92e_fk_auth_perm FOREIGN KEY (permission_id) REFERENCES public.auth_permission(id) DEFERRABLE INITIALLY DEFERRED;


--
-- Name: auth_group_permissions auth_group_permissions_group_id_b120cbf9_fk_auth_group_id; Type: FK CONSTRAINT; Schema: public; Owner: postgres
--

ALTER TABLE ONLY public.auth_group_permissions
    ADD CONSTRAINT auth_group_permissions_group_id_b120cbf9_fk_auth_group_id FOREIGN KEY (group_id) REFERENCES public.auth_group(id) DEFERRABLE INITIALLY DEFERRED;


--
-- Name: auth_permission auth_permission_content_type_id_2f476e4b_fk_django_co; Type: FK CONSTRAINT; Schema: public; Owner: postgres
--

ALTER TABLE ONLY public.auth_permission
    ADD CONSTRAINT auth_permission_content_type_id_2f476e4b_fk_django_co FOREIGN KEY (content_type_id) REFERENCES public.django_content_type(id) DEFERRABLE INITIALLY DEFERRED;


--
-- Name: auth_user_groups auth_user_groups_group_id_97559544_fk_auth_group_id; Type: FK CONSTRAINT; Schema: public; Owner: postgres
--

ALTER TABLE ONLY public.auth_user_groups
    ADD CONSTRAINT auth_user_groups_group_id_97559544_fk_auth_group_id FOREIGN KEY (group_id) REFERENCES public.auth_group(id) DEFERRABLE INITIALLY DEFERRED;


--
-- Name: auth_user_groups auth_user_groups_user_id_6a12ed8b_fk_auth_user_id; Type: FK CONSTRAINT; Schema: public; Owner: postgres
--

ALTER TABLE ONLY public.auth_user_groups
    ADD CONSTRAINT auth_user_groups_user_id_6a12ed8b_fk_auth_user_id FOREIGN KEY (user_id) REFERENCES public.auth_user(id) DEFERRABLE INITIALLY DEFERRED;


--
-- Name: auth_user_user_permissions auth_user_user_permi_permission_id_1fbb5f2c_fk_auth_perm; Type: FK CONSTRAINT; Schema: public; Owner: postgres
--

ALTER TABLE ONLY public.auth_user_user_permissions
    ADD CONSTRAINT auth_user_user_permi_permission_id_1fbb5f2c_fk_auth_perm FOREIGN KEY (permission_id) REFERENCES public.auth_permission(id) DEFERRABLE INITIALLY DEFERRED;


--
-- Name: auth_user_user_permissions auth_user_user_permissions_user_id_a95ead1b_fk_auth_user_id; Type: FK CONSTRAINT; Schema: public; Owner: postgres
--

ALTER TABLE ONLY public.auth_user_user_permissions
    ADD CONSTRAINT auth_user_user_permissions_user_id_a95ead1b_fk_auth_user_id FOREIGN KEY (user_id) REFERENCES public.auth_user(id) DEFERRABLE INITIALLY DEFERRED;


--
-- Name: django_admin_log django_admin_log_content_type_id_c4bce8eb_fk_django_co; Type: FK CONSTRAINT; Schema: public; Owner: postgres
--

ALTER TABLE ONLY public.django_admin_log
    ADD CONSTRAINT django_admin_log_content_type_id_c4bce8eb_fk_django_co FOREIGN KEY (content_type_id) REFERENCES public.django_content_type(id) DEFERRABLE INITIALLY DEFERRED;


--
-- Name: django_admin_log django_admin_log_user_id_c564eba6_fk_auth_user_id; Type: FK CONSTRAINT; Schema: public; Owner: postgres
--

ALTER TABLE ONLY public.django_admin_log
    ADD CONSTRAINT django_admin_log_user_id_c564eba6_fk_auth_user_id FOREIGN KEY (user_id) REFERENCES public.auth_user(id) DEFERRABLE INITIALLY DEFERRED;


--
-- Name: pasteleria_detalle pasteleria_detalle_pedido_id_d4af42a9_fk_pasteleri; Type: FK CONSTRAINT; Schema: public; Owner: postgres
--

ALTER TABLE ONLY public.pasteleria_detalle
    ADD CONSTRAINT pasteleria_detalle_pedido_id_d4af42a9_fk_pasteleri FOREIGN KEY (pedido_id) REFERENCES public.pasteleria_pedido("idPedido") DEFERRABLE INITIALLY DEFERRED;


--
-- Name: pasteleria_detalle pasteleria_detalle_producto_id_9d8eec54_fk_pasteleri; Type: FK CONSTRAINT; Schema: public; Owner: postgres
--

ALTER TABLE ONLY public.pasteleria_detalle
    ADD CONSTRAINT pasteleria_detalle_producto_id_9d8eec54_fk_pasteleri FOREIGN KEY (producto_id) REFERENCES public.pasteleria_producto("idProducto") DEFERRABLE INITIALLY DEFERRED;


--
-- Name: pasteleria_pan pasteleria_pan_idPan_id_2bf3331e_fk_pasteleri; Type: FK CONSTRAINT; Schema: public; Owner: postgres
--

ALTER TABLE ONLY public.pasteleria_pan
    ADD CONSTRAINT "pasteleria_pan_idPan_id_2bf3331e_fk_pasteleri" FOREIGN KEY ("idPan_id") REFERENCES public.pasteleria_producto("idProducto") DEFERRABLE INITIALLY DEFERRED;


--
-- Name: pasteleria_pastel_establecido pasteleria_pastel_es_idEstablecido_id_e2aadf3e_fk_pasteleri; Type: FK CONSTRAINT; Schema: public; Owner: postgres
--

ALTER TABLE ONLY public.pasteleria_pastel_establecido
    ADD CONSTRAINT "pasteleria_pastel_es_idEstablecido_id_e2aadf3e_fk_pasteleri" FOREIGN KEY ("idEstablecido_id") REFERENCES public.pasteleria_pastel("idPastel_id") DEFERRABLE INITIALLY DEFERRED;


--
-- Name: pasteleria_pastel pasteleria_pastel_idPastel_id_22eff9b4_fk_pasteleri; Type: FK CONSTRAINT; Schema: public; Owner: postgres
--

ALTER TABLE ONLY public.pasteleria_pastel
    ADD CONSTRAINT "pasteleria_pastel_idPastel_id_22eff9b4_fk_pasteleri" FOREIGN KEY ("idPastel_id") REFERENCES public.pasteleria_producto("idProducto") DEFERRABLE INITIALLY DEFERRED;


--
-- Name: pasteleria_pastel_personalizado_extras pasteleria_pastel_pe_extra_id_7edab6af_fk_pasteleri; Type: FK CONSTRAINT; Schema: public; Owner: postgres
--

ALTER TABLE ONLY public.pasteleria_pastel_personalizado_extras
    ADD CONSTRAINT pasteleria_pastel_pe_extra_id_7edab6af_fk_pasteleri FOREIGN KEY (extra_id) REFERENCES public.pasteleria_extra("idExtra") DEFERRABLE INITIALLY DEFERRED;


--
-- Name: pasteleria_pastel_personalizado pasteleria_pastel_pe_idPersonalizado_id_eaf8a502_fk_pasteleri; Type: FK CONSTRAINT; Schema: public; Owner: postgres
--

ALTER TABLE ONLY public.pasteleria_pastel_personalizado
    ADD CONSTRAINT "pasteleria_pastel_pe_idPersonalizado_id_eaf8a502_fk_pasteleri" FOREIGN KEY ("idPersonalizado_id") REFERENCES public.pasteleria_pastel("idPastel_id") DEFERRABLE INITIALLY DEFERRED;


--
-- Name: pasteleria_pastel_personalizado_extras pasteleria_pastel_pe_pastel_personalizado_64fb8db5_fk_pasteleri; Type: FK CONSTRAINT; Schema: public; Owner: postgres
--

ALTER TABLE ONLY public.pasteleria_pastel_personalizado_extras
    ADD CONSTRAINT pasteleria_pastel_pe_pastel_personalizado_64fb8db5_fk_pasteleri FOREIGN KEY (pastel_personalizado_id) REFERENCES public.pasteleria_pastel_personalizado("idPersonalizado_id") DEFERRABLE INITIALLY DEFERRED;


--
-- Name: pasteleria_pedido pasteleria_pedido_usuario_id_62e940b2_fk_pasteleri; Type: FK CONSTRAINT; Schema: public; Owner: postgres
--

ALTER TABLE ONLY public.pasteleria_pedido
    ADD CONSTRAINT pasteleria_pedido_usuario_id_62e940b2_fk_pasteleri FOREIGN KEY (usuario_id) REFERENCES public.pasteleria_usuario("idUsuario") DEFERRABLE INITIALLY DEFERRED;


--
-- Name: pasteleria_postre pasteleria_postre_idPostre_id_309eaa9f_fk_pasteleri; Type: FK CONSTRAINT; Schema: public; Owner: postgres
--

ALTER TABLE ONLY public.pasteleria_postre
    ADD CONSTRAINT "pasteleria_postre_idPostre_id_309eaa9f_fk_pasteleri" FOREIGN KEY ("idPostre_id") REFERENCES public.pasteleria_producto("idProducto") DEFERRABLE INITIALLY DEFERRED;


--
-- Name: pasteleria_producto_promocion pasteleria_producto__producto_id_69e73fff_fk_pasteleri; Type: FK CONSTRAINT; Schema: public; Owner: postgres
--

ALTER TABLE ONLY public.pasteleria_producto_promocion
    ADD CONSTRAINT pasteleria_producto__producto_id_69e73fff_fk_pasteleri FOREIGN KEY (producto_id) REFERENCES public.pasteleria_producto("idProducto") DEFERRABLE INITIALLY DEFERRED;


--
-- Name: pasteleria_producto_promocion pasteleria_producto__promocion_id_4b1b2963_fk_pasteleri; Type: FK CONSTRAINT; Schema: public; Owner: postgres
--

ALTER TABLE ONLY public.pasteleria_producto_promocion
    ADD CONSTRAINT pasteleria_producto__promocion_id_4b1b2963_fk_pasteleri FOREIGN KEY (promocion_id) REFERENCES public.pasteleria_promocion("idPromocion") DEFERRABLE INITIALLY DEFERRED;


--
-- Name: pasteleria_tarta pasteleria_tarta_idTarta_id_694d2d0b_fk_pasteleri; Type: FK CONSTRAINT; Schema: public; Owner: postgres
--

ALTER TABLE ONLY public.pasteleria_tarta
    ADD CONSTRAINT "pasteleria_tarta_idTarta_id_694d2d0b_fk_pasteleri" FOREIGN KEY ("idTarta_id") REFERENCES public.pasteleria_producto("idProducto") DEFERRABLE INITIALLY DEFERRED;


--
-- PostgreSQL database dump complete
--

\unrestrict Quf2JiwKvbr3kqjQqrgZv8aprO1FAem387LPYfYZ1wmzns6meCvq0HFgKndHIAU

